,CRJ100,CRJ200,CRJ700,CRJ900,CRJ1000,,ERJ-145 ER,E-170 (SE),E175 (LR),,,ERJ-135
MTOW (lb),47450,47450,72750,80500,90000,,45415,"79,344",82673,,,44092
OEW (lb),30100,30270,42480,47500,51120,,26339,45636,46672,,,24912
Cruise Speed (Mach),0.74,0.74,0.77,0.77,0.78,,0.78,0.78,0.78,,,0.78
Max Payload (lb),12100,13500,18800,22500,26800,,11926,19621,23259,,,10362
Operating Altitude @ Cruise (ft),41000,31400,41000,41000,41000,,37000,41000,41000,,,37000
Range @ Max Payload (nm),980,1585,1649,1596,1491,,1320,2150,1598,,,1700
Passenger,50,50,78,90,104,,50,70,88,,,37
W/S (lb/sq.ft),80.8209845,91.17986164,98.48382293,105.2356363,#DIV/0!,,82.42286751,101.3333333,105.5849298,,,80.02177858
T/W,0.3886196,0.379346681,0.348316151,0.360496894,0.322444444,,0.352306507,0.352893729,0.343522069,,,0.36287762
,,,,,,,,,,,,
Constraints,,,,,,,,,,,,
Far Takeoff Field Length,5250,5010,5130,6150,6700,,6450,5541,6545,,,5577
Far Landing Field Length,4620,4670,4850,1565,0,,4235,3806,4285,,,4460
,,,,,,,,,,,,
Dimensions (Cabin),,,,,,,,,,,,
Width,50,50,78,90,104,,50,70,88,,,37
Length,"8' 1.65""","8'3""","8' 10""","7' 1""","8' 4""",,"6'11""","9'0""","9'0""",,,"6'11"""
Height,"48'6""","87'9""","56' 8""","69' 4""","77' 6""",,"54' 1.25""","63'9""",70',,,"42' 5.75"""
,,,,,,,,,,,,
Geometry,,,,,,,,,,,,
Length,"87'10""","87'10""","106' 1""","118' 11""","128' 5""",,98',"98'1""","103'11""",,,"86'5"""
Wing Span,"69'8""","69'7""","76' 3""","81' 6""","85' 11""",,"65'9""","85'4""","93'11""",,,"65'9"""
Height,"20'4""","20'5""","24' 10""","24' 7""","24' 7""",,"22'2""","32'3""","32'4""",,,"22'2"""
Wing Area,587.1,520.4,738.7,764.95,0,,551,783,783,,,551
,,,,,,,,,,,,
Engine,,,,,,,,,,,,
Engine Model,#REF!,,,,,,,,,,,
Take Off; SL (lb st),,,,,,,,,,,,
SL Flat rating,,,,,,,,,,,,
Take Off thrust;(lb st),,,,,,,,,,,,
Length,,,,,,,,,,,,
Maximum Diameter,,,,,,,,,,,,
Dry Weight (lb),,,,,,,,,,,,
"TET (T-O, 5 min)",,,,,,,,,,,,
SFC(T-O/ APR) lb/h/lb,,,,,,,,,,,,
"SFC(37K, M0.74)",,,,,,,,,,,,
One Engine Inoperative (OEI) rating lb st,,,,,,,,,,,,
,,,,,,,,,,,,
Thrust,,,,,,,,,,,,
Total Thrust (Static),18440,18000,25340,29020,29020,,16000,28000,28400,,,16000
