Code,Main Runway Length (ft),Main Runway Width (ft)
KAST,5794,100
KOTH,5980,150
KRDM,7038,150
KMFR,8800,150
KPUW,7100,150
KYKM,7604,150
KPSC,7707,150
KTRK,7001,100
KTVL,8541,100
KMMH,7000,100
KSNS,6004,150
KSBP,6101,150
KSTS,6000,150
KCEC,5002,150
KACV,6046,150
KMOD,5904,150
KIPL,5308,100
KCDR,5998,100
KSBS,4452,100
KTEX,7111,100
KGUC,9400,150
KMTJ,10000,150
KHDN,10000,150
KCAG,5606,100
KALS,8521,100
KLAA,6304,100
KAKO,7001,100
KLIC,4700,60
KJAC,6300,150
KCOD,8268,100
KRIW,8204,150
KRKS,10002,150
KSHR,8301,100
KLAR,8503,150
KCPR,10165,150
KVEL,7000,100
KCDC,8653,150
KPVU,8603,150
KSGU,9300,150
KSOW,7202,100
KGCN,8999,150
KINW,7499,150
KPGA,5950,150
KIFP,8501,150
KSEZ,5132,100
KFMN,6704,100
KTCS,7202,75
KROW,13000,150
KCNM,7854,150
KSAF,8366,150
KGGG,10000,150
KLFK,5400,100
KCDS,5949,75
KDUX,6001,100
KDRT,6300,100
KABI,7208,150
KCLL,7000,146
KJLN,6502,100
KCGI,6500,150
KCOU,7401,150
KIRK,6005,100
KSTJ,8061,150
KUNO,5101,75
KFAM,4323,75
KSLN,12301,150
KHYS,6501,100
KDDC,6899,100
KGCK,7299,100
KLBL,7105,100
KGBD,7852,100
KRSL,5000,75
KOFK,5806,100
KGRI,6608,100
KEAR,7094,100
KOLU,6801,100
KAIA,9203,150
KIMT,6502,150
KESC,6498,150
KCIU,7203,150
KCMX,6501,150
KSAW,9072,150
KPLN,6513,150
KTVF,6504,150
KBJI,7004,150
KBRD,7100,150
KINL,7400,150
KHIB,6758,150
KABR,6901,100
KPIR,6900,100
KATY,6898,100
KDIK,7301,150
KJMS,6502,100
KMLU,7504,150
KMCN,6500,150
KHTS,7017,150
KSHD,6002,150
SFO (19R),7650,200
SFO (19L),8650,200
SFO (10L),11870,200
SFO (10R),11831,200
SMF (17L),8605,150
SMF (17R),8598,150
MHR (04L),6081,150
MHR (04R),11301,150
Oceano,2325,50
SBY (14),6400,100
SBY (5),5000,100
ALB(1),8500,150
ALB(10),7200,150
IPT (9),6825,150
IPT (12),4273,150
ITH (14),6977,150
ITH (15U),2018,150
TYS (05R),10000,150
TYS (05R),9000,150
MOB (15),8502,150
MOB (18),4376,150
EVV (04),8021,150
EVV (09),3497,75
SAV (01),7002,150
SAV (10),9351,150
ATL (08L),9000,150
ATL (08R),9999,150
ATL (09L),12390,150
ATL (09R),9000,150
ATL (10),9000,150
JFK (04L),12079,200
JFK (04R),8400,200
JFk (13L),10000,200
JFK (13R),14511,200
DLH (03),5719,150
DLH (09),10591,150
FWA (05),11981,150
FWA (09),4001,75
FWA (14),8002,150
RAP (05),3601,75
RAP (14),8701,150
RST (03),7301,150
RST (13),9034,150
MFR (14),8800,150
FLG (03),8800,150
GJT (04),5501,150
GJT (11),9339,150
RDD (13),5067,150
RDD (17),7003,150
SAF (02),8366,150
SAF (10),6301,75
SAF (15),6316,100